{"cameraMode":{"drawMode":0,"name":"Shaded","section":"Shading Mode"},"sceneLighting":true,"audioPlay":false,"sceneViewState":{"showFog":true,"showMaterialUpdate":false,"showSkybox":true,"showFlares":true,"showImageEffects":true,"showParticleSystems":true},"in2DMode":false,"pivot":{"x":12.496066093444825,"y":2.8025527000427248,"z":-7.555198669433594},"rotation":{"x":0.15960565209388734,"y":0.5856375098228455,"z":-0.11895747482776642,"w":0.7857517600059509},"size":16.84813117980957,"orthographic":false}