{"cameraMode":{"drawMode":0,"name":"Shaded","section":"Shading Mode"},"sceneLighting":true,"audioPlay":false,"sceneViewState":{"showFog":true,"showMaterialUpdate":false,"showSkybox":true,"showFlares":true,"showImageEffects":true,"showParticleSystems":true},"in2DMode":false,"pivot":{"x":-2.2200088500976564,"y":5.596707344055176,"z":-6.171046257019043},"rotation":{"x":-0.45226821303367617,"y":-0.31380748748779299,"z":0.17380861937999726,"w":-0.816559910774231},"size":14.237812995910645,"orthographic":false}