{"cameraMode":{"drawMode":0,"name":"Shaded","section":"Shading Mode"},"sceneLighting":false,"audioPlay":false,"sceneViewState":{"showFog":true,"showMaterialUpdate":false,"showSkybox":false,"showFlares":true,"showImageEffects":true,"showParticleSystems":true},"in2DMode":false,"pivot":{"x":113.15525817871094,"y":549.7105102539063,"z":0.0},"rotation":{"x":0.022188391536474229,"y":0.0035964890848845245,"z":0.00007946751429699361,"w":-0.9997481107711792},"size":375.9117736816406,"orthographic":false}