{"cameraMode":{"drawMode":0,"name":"Shaded","section":"Shading Mode"},"sceneLighting":false,"audioPlay":false,"sceneViewState":{"showFog":true,"showMaterialUpdate":false,"showSkybox":false,"showFlares":true,"showImageEffects":true,"showParticleSystems":true},"in2DMode":false,"pivot":{"x":-16.08394432067871,"y":-2.04689884185791,"z":17.897493362426759},"rotation":{"x":-0.14551803469657899,"y":0.12930655479431153,"z":-0.019187286496162416,"w":-0.9806824922561646},"size":52.36180114746094,"orthographic":false}