{"cameraMode":{"drawMode":0,"name":"Shaded","section":"Shading Mode"},"sceneLighting":true,"audioPlay":false,"sceneViewState":{"showFog":true,"showMaterialUpdate":false,"showSkybox":true,"showFlares":true,"showImageEffects":true,"showParticleSystems":true},"in2DMode":false,"pivot":{"x":2505.72265625,"y":-27.6966552734375,"z":-193.986572265625},"rotation":{"x":-0.4106070399284363,"y":0.026526201516389848,"z":-0.011950287967920304,"w":-0.9113512635231018},"size":1781.2386474609375,"orthographic":false}