{"cameraMode":{"drawMode":0,"name":"Shaded","section":"Shading Mode"},"sceneLighting":false,"audioPlay":false,"sceneViewState":{"showFog":true,"showMaterialUpdate":false,"showSkybox":false,"showFlares":true,"showImageEffects":true,"showParticleSystems":true},"in2DMode":false,"pivot":{"x":0.3237978219985962,"y":1.3480949401855469,"z":-0.1865658164024353},"rotation":{"x":-0.3528422713279724,"y":-0.4999004006385803,"z":0.23339809477329255,"w":-0.7557306885719299},"size":3.572009325027466,"orthographic":false}