{"cameraMode":{"drawMode":0,"name":"Shaded","section":"Shading Mode"},"sceneLighting":true,"audioPlay":false,"sceneViewState":{"showFog":true,"showMaterialUpdate":false,"showSkybox":true,"showFlares":true,"showImageEffects":true,"showParticleSystems":true},"in2DMode":false,"pivot":{"x":7.772112846374512,"y":5.660148620605469,"z":-5.457420825958252},"rotation":{"x":0.30769675970077517,"y":0.3352952301502228,"z":-0.11687308549880982,"w":0.8827463984489441},"size":13.777730941772461,"orthographic":false}