{"cameraMode":{"drawMode":0,"name":"Shaded","section":"Shading Mode"},"sceneLighting":true,"audioPlay":false,"sceneViewState":{"showFog":true,"showMaterialUpdate":false,"showSkybox":true,"showFlares":true,"showImageEffects":true,"showParticleSystems":true},"in2DMode":false,"pivot":{"x":21.218215942382814,"y":31.337697982788087,"z":-16.66002082824707},"rotation":{"x":-0.07325242459774018,"y":-0.29693689942359927,"z":0.022852281108498575,"w":-0.9518101811408997},"size":38.90936279296875,"orthographic":false}