{"cameraMode":{"drawMode":0,"name":"Shaded","section":"Shading Mode"},"sceneLighting":true,"audioPlay":false,"sceneViewState":{"showFog":true,"showMaterialUpdate":false,"showSkybox":true,"showFlares":true,"showImageEffects":true,"showParticleSystems":true},"in2DMode":false,"pivot":{"x":0.8520298004150391,"y":-95.7310562133789,"z":-32.43855285644531},"rotation":{"x":0.10176834464073181,"y":0.766542911529541,"z":-0.6215364933013916,"w":0.1255170702934265},"size":165.38710021972657,"orthographic":false}