{"cameraMode":{"drawMode":0,"name":"Shaded","section":"Shading Mode"},"sceneLighting":true,"audioPlay":false,"sceneViewState":{"showFog":true,"showMaterialUpdate":false,"showSkybox":true,"showFlares":true,"showImageEffects":true,"showParticleSystems":true},"in2DMode":false,"pivot":{"x":65.09510040283203,"y":51.53753662109375,"z":-27.000930786132814},"rotation":{"x":0.15447072684764863,"y":0.838518500328064,"z":-0.3056080937385559,"w":0.4238312244415283},"size":363.9287109375,"orthographic":false}