{"cameraMode":{"drawMode":0,"name":"Shaded","section":"Shading Mode"},"sceneLighting":true,"audioPlay":false,"sceneViewState":{"showFog":true,"showMaterialUpdate":false,"showSkybox":true,"showFlares":true,"showImageEffects":true,"showParticleSystems":true},"in2DMode":false,"pivot":{"x":12.396126747131348,"y":0.1716928482055664,"z":-8.170881271362305},"rotation":{"x":-0.5540273785591126,"y":-0.2178012579679489,"z":0.15297529101371766,"w":-0.7888056039810181},"size":15.190938949584961,"orthographic":false}