{"cameraMode":{"drawMode":0,"name":"Shaded","section":"Shading Mode"},"sceneLighting":false,"audioPlay":false,"sceneViewState":{"showFog":true,"showMaterialUpdate":false,"showSkybox":false,"showFlares":true,"showImageEffects":true,"showParticleSystems":true},"in2DMode":false,"pivot":{"x":0.5368507504463196,"y":0.45570889115333559,"z":0.3031318783760071},"rotation":{"x":-0.00749510433524847,"y":0.034788649529218677,"z":0.0002656024298630655,"w":0.9993741512298584},"size":3.328422784805298,"orthographic":false}