{"cameraMode":{"drawMode":0,"name":"Shaded","section":"Shading Mode"},"sceneLighting":true,"audioPlay":false,"sceneViewState":{"showFog":true,"showMaterialUpdate":false,"showSkybox":true,"showFlares":true,"showImageEffects":true,"showParticleSystems":true},"in2DMode":false,"pivot":{"x":468.99774169921877,"y":-13.263427734375,"z":266.6943054199219},"rotation":{"x":0.2269066572189331,"y":-0.06976412981748581,"z":0.016298340633511545,"w":0.9712796807289124},"size":843.2127685546875,"orthographic":false}