{"cameraMode":{"drawMode":0,"name":"Shaded","section":"Shading Mode"},"sceneLighting":true,"audioPlay":false,"sceneViewState":{"showFog":true,"showMaterialUpdate":false,"showSkybox":true,"showFlares":true,"showImageEffects":true,"showParticleSystems":true},"in2DMode":false,"pivot":{"x":525.3399658203125,"y":69.02999877929688,"z":0.0},"rotation":{"x":-0.32455846667289736,"y":-0.34914886951446535,"z":0.13034938275814057,"w":-0.8693498373031616},"size":140.00711059570313,"orthographic":false}