{"cameraMode":{"drawMode":0,"name":"Shaded","section":"Shading Mode"},"sceneLighting":true,"audioPlay":false,"sceneViewState":{"showFog":true,"showMaterialUpdate":false,"showSkybox":true,"showFlares":true,"showImageEffects":true,"showParticleSystems":true},"in2DMode":false,"pivot":{"x":177.05238342285157,"y":467.88555908203127,"z":-73.49972534179688},"rotation":{"x":0.05246880277991295,"y":0.016772251576185228,"z":-0.0008810426807031035,"w":0.9984828233718872},"size":496.19110107421877,"orthographic":false}