{"cameraMode":{"drawMode":0,"name":"Shaded","section":"Shading Mode"},"sceneLighting":true,"audioPlay":false,"sceneViewState":{"showFog":true,"showMaterialUpdate":false,"showSkybox":true,"showFlares":true,"showImageEffects":true,"showParticleSystems":true},"in2DMode":false,"pivot":{"x":4.161981582641602,"y":-5.653983116149902,"z":2.9647626876831056},"rotation":{"x":0.16417349874973298,"y":0.45509225130081179,"z":-0.0857824832201004,"w":0.8709673285484314},"size":22.997962951660158,"orthographic":false}