{"cameraMode":{"drawMode":0,"name":"Shaded","section":"Shading Mode"},"sceneLighting":true,"audioPlay":false,"sceneViewState":{"showFog":true,"showMaterialUpdate":false,"showSkybox":true,"showFlares":true,"showImageEffects":true,"showParticleSystems":true},"in2DMode":false,"pivot":{"x":152.91664123535157,"y":312.36553955078127,"z":12.6732177734375},"rotation":{"x":-0.08866867423057556,"y":-0.02330826409161091,"z":0.002075489377602935,"w":-0.9957873821258545},"size":1270.49609375,"orthographic":false}